biosample_accession	library_ID	title	library_strategy	library_source	library_selection	library_layout	platform	instrument_model	design_description	filetype	filename	filename2	filename3	filename4	filename5	filename6	filename7	filename8	filename9	filename10	filename11	filename12	filename13	filename14	filename15	filename16	filename17	filename18	filename19	filename20	filename21	filename22	filename23	filename24	filename25	filename26	filename27	filename28	filename29	filename30	filename31	filename32	filename33	filename34
SAMN17606015	lib1_expt_17-19-none-0-reference	SARS-CoV-2 RBD mutational antig Illumina barcode sequencing for expt_17-19-none-0-reference	AMPLICON	SYNTHETIC	PCR	single	ILLUMINA	Illumina HiSeq 2500	PCR of barcodes from RBD variants	fastq	expt_17-19_lib1_ref_ACAGCAGA_L002_R1_002.fastq.gz	expt_17-19_lib1_ref_ACAGCAGA_L002_R1_004.fastq.gz	expt_17-19_lib1_ref_ACAGCAGA_L001_R1_001.fastq.gz	expt_17-19_lib1_ref_ACAGCAGA_L001_R1_006.fastq.gz	expt_17-19_lib1_ref_ACAGCAGA_L002_R1_006.fastq.gz	expt_17-19_lib1_ref_ACAGCAGA_L001_R1_003.fastq.gz	expt_17-19_lib1_ref_ACAGCAGA_L002_R1_001.fastq.gz	expt_17-19_lib1_ref_ACAGCAGA_L001_R1_002.fastq.gz	expt_17-19_lib1_ref_ACAGCAGA_L001_R1_005.fastq.gz	expt_17-19_lib1_ref_ACAGCAGA_L002_R1_005.fastq.gz	expt_17-19_lib1_ref_ACAGCAGA_L002_R1_003.fastq.gz	expt_17-19_lib1_ref_ACAGCAGA_L001_R1_004.fastq.gz																						
SAMN17606015	lib2_expt_17-19-none-0-reference	SARS-CoV-2 RBD mutational antig Illumina barcode sequencing for expt_17-19-none-0-reference	AMPLICON	SYNTHETIC	PCR	single	ILLUMINA	Illumina HiSeq 2500	PCR of barcodes from RBD variants	fastq	expt_17-19_lib2_ref_ACCTCCAA_L001_R1_006.fastq.gz	expt_17-19_lib2_ref_ACCTCCAA_L001_R1_005.fastq.gz	expt_17-19_lib2_ref_ACCTCCAA_L002_R1_002.fastq.gz	expt_17-19_lib2_ref_ACCTCCAA_L001_R1_003.fastq.gz	expt_17-19_lib2_ref_ACCTCCAA_L002_R1_001.fastq.gz	expt_17-19_lib2_ref_ACCTCCAA_L001_R1_002.fastq.gz	expt_17-19_lib2_ref_ACCTCCAA_L002_R1_006.fastq.gz	expt_17-19_lib2_ref_ACCTCCAA_L001_R1_004.fastq.gz	expt_17-19_lib2_ref_ACCTCCAA_L002_R1_005.fastq.gz	expt_17-19_lib2_ref_ACCTCCAA_L001_R1_001.fastq.gz	expt_17-19_lib2_ref_ACCTCCAA_L002_R1_004.fastq.gz	expt_17-19_lib2_ref_ACCTCCAA_L002_R1_003.fastq.gz																						
SAMN17606015	lib1_expt_3-6-none-0-reference	SARS-CoV-2 RBD mutational antig Illumina barcode sequencing for expt_3-6-none-0-reference	AMPLICON	SYNTHETIC	PCR	single	ILLUMINA	Illumina HiSeq 2500	PCR of barcodes from RBD variants	fastq	expt_3-6_lib1_ACE2pos_AGAGTCAA_L001_R1_004.fastq.gz	expt_3-6_lib1_ACE2pos_AGAGTCAA_L001_R1_008.fastq.gz	expt_3-6_lib1_ACE2pos_AGAGTCAA_L002_R1_004.fastq.gz	expt_3-6_lib1_ACE2pos_AGAGTCAA_L002_R1_005.fastq.gz	expt_3-6_lib1_ACE2pos_AGAGTCAA_L001_R1_005.fastq.gz	expt_3-6_lib1_ACE2pos_AGAGTCAA_L001_R1_006.fastq.gz	expt_3-6_lib1_ACE2pos_AGAGTCAA_L002_R1_002.fastq.gz	expt_3-6_lib1_ACE2pos_AGAGTCAA_L001_R1_001.fastq.gz	expt_3-6_lib1_ACE2pos_AGAGTCAA_L002_R1_006.fastq.gz	expt_3-6_lib1_ACE2pos_AGAGTCAA_L001_R1_002.fastq.gz	expt_3-6_lib1_ACE2pos_AGAGTCAA_L001_R1_007.fastq.gz	expt_3-6_lib1_ACE2pos_AGAGTCAA_L001_R1_003.fastq.gz	expt_3-6_lib1_ACE2pos_AGAGTCAA_L002_R1_007.fastq.gz	expt_3-6_lib1_ACE2pos_AGAGTCAA_L002_R1_003.fastq.gz	expt_3-6_lib1_ACE2pos_AGAGTCAA_L002_R1_008.fastq.gz	expt_3-6_lib1_ACE2pos_AGAGTCAA_L002_R1_001.fastq.gz																		
SAMN17606015	lib2_expt_3-6-none-0-reference	SARS-CoV-2 RBD mutational antig Illumina barcode sequencing for expt_3-6-none-0-reference	AMPLICON	SYNTHETIC	PCR	single	ILLUMINA	Illumina HiSeq 2500	PCR of barcodes from RBD variants	fastq	expt_3-6_lib2_ACE2pos_AGATCGCA_L002_R1_002.fastq.gz	expt_3-6_lib2_ACE2pos_AGATCGCA_L002_R1_007.fastq.gz	expt_3-6_lib2_ACE2pos_AGATCGCA_L002_R1_008.fastq.gz	expt_3-6_lib2_ACE2pos_AGATCGCA_L001_R1_007.fastq.gz	expt_3-6_lib2_ACE2pos_AGATCGCA_L002_R1_001.fastq.gz	expt_3-6_lib2_ACE2pos_AGATCGCA_L001_R1_001.fastq.gz	expt_3-6_lib2_ACE2pos_AGATCGCA_L001_R1_004.fastq.gz	expt_3-6_lib2_ACE2pos_AGATCGCA_L001_R1_008.fastq.gz	expt_3-6_lib2_ACE2pos_AGATCGCA_L002_R1_006.fastq.gz	expt_3-6_lib2_ACE2pos_AGATCGCA_L002_R1_003.fastq.gz	expt_3-6_lib2_ACE2pos_AGATCGCA_L001_R1_006.fastq.gz	expt_3-6_lib2_ACE2pos_AGATCGCA_L001_R1_005.fastq.gz	expt_3-6_lib2_ACE2pos_AGATCGCA_L001_R1_003.fastq.gz	expt_3-6_lib2_ACE2pos_AGATCGCA_L001_R1_002.fastq.gz	expt_3-6_lib2_ACE2pos_AGATCGCA_L002_R1_004.fastq.gz	expt_3-6_lib2_ACE2pos_AGATCGCA_L002_R1_005.fastq.gz																		
SAMN17606015	lib1_expt_22-23-none-0-reference	SARS-CoV-2 RBD mutational antig Illumina barcode sequencing for expt_22-23-none-0-reference	AMPLICON	SYNTHETIC	PCR	single	ILLUMINA	Illumina HiSeq 2500	PCR of barcodes from RBD variants	fastq	expt_22-23_lib1_ref_ACCACTGT_L001_R1_017.fastq.gz	expt_22-23_lib1_ref_ACCACTGT_L002_R1_007.fastq.gz	expt_22-23_lib1_ref_ACCACTGT_L002_R1_003.fastq.gz	expt_22-23_lib1_ref_ACCACTGT_L001_R1_010.fastq.gz	expt_22-23_lib1_ref_ACCACTGT_L001_R1_005.fastq.gz	expt_22-23_lib1_ref_ACCACTGT_L002_R1_012.fastq.gz	expt_22-23_lib1_ref_ACCACTGT_L002_R1_006.fastq.gz	expt_22-23_lib1_ref_ACCACTGT_L001_R1_009.fastq.gz	expt_22-23_lib1_ref_ACCACTGT_L001_R1_013.fastq.gz	expt_22-23_lib1_ref_ACCACTGT_L002_R1_008.fastq.gz	expt_22-23_lib1_ref_ACCACTGT_L001_R1_006.fastq.gz	expt_22-23_lib1_ref_ACCACTGT_L001_R1_003.fastq.gz	expt_22-23_lib1_ref_ACCACTGT_L001_R1_016.fastq.gz	expt_22-23_lib1_ref_ACCACTGT_L002_R1_005.fastq.gz	expt_22-23_lib1_ref_ACCACTGT_L001_R1_012.fastq.gz	expt_22-23_lib1_ref_ACCACTGT_L001_R1_011.fastq.gz	expt_22-23_lib1_ref_ACCACTGT_L002_R1_004.fastq.gz	expt_22-23_lib1_ref_ACCACTGT_L002_R1_016.fastq.gz	expt_22-23_lib1_ref_ACCACTGT_L002_R1_014.fastq.gz	expt_22-23_lib1_ref_ACCACTGT_L001_R1_015.fastq.gz	expt_22-23_lib1_ref_ACCACTGT_L001_R1_008.fastq.gz	expt_22-23_lib1_ref_ACCACTGT_L001_R1_007.fastq.gz	expt_22-23_lib1_ref_ACCACTGT_L002_R1_010.fastq.gz	expt_22-23_lib1_ref_ACCACTGT_L001_R1_002.fastq.gz	expt_22-23_lib1_ref_ACCACTGT_L001_R1_014.fastq.gz	expt_22-23_lib1_ref_ACCACTGT_L002_R1_009.fastq.gz	expt_22-23_lib1_ref_ACCACTGT_L001_R1_001.fastq.gz	expt_22-23_lib1_ref_ACCACTGT_L002_R1_001.fastq.gz	expt_22-23_lib1_ref_ACCACTGT_L002_R1_011.fastq.gz	expt_22-23_lib1_ref_ACCACTGT_L001_R1_004.fastq.gz	expt_22-23_lib1_ref_ACCACTGT_L002_R1_013.fastq.gz	expt_22-23_lib1_ref_ACCACTGT_L002_R1_017.fastq.gz	expt_22-23_lib1_ref_ACCACTGT_L002_R1_002.fastq.gz	expt_22-23_lib1_ref_ACCACTGT_L002_R1_015.fastq.gz
SAMN17606015	lib2_expt_22-23-none-0-reference	SARS-CoV-2 RBD mutational antig Illumina barcode sequencing for expt_22-23-none-0-reference	AMPLICON	SYNTHETIC	PCR	single	ILLUMINA	Illumina HiSeq 2500	PCR of barcodes from RBD variants	fastq	expt_22-23_lib2_ref_ACATTGGC_L002_R1_006.fastq.gz	expt_22-23_lib2_ref_ACATTGGC_L001_R1_014.fastq.gz	expt_22-23_lib2_ref_ACATTGGC_L001_R1_003.fastq.gz	expt_22-23_lib2_ref_ACATTGGC_L001_R1_006.fastq.gz	expt_22-23_lib2_ref_ACATTGGC_L002_R1_008.fastq.gz	expt_22-23_lib2_ref_ACATTGGC_L002_R1_004.fastq.gz	expt_22-23_lib2_ref_ACATTGGC_L002_R1_001.fastq.gz	expt_22-23_lib2_ref_ACATTGGC_L001_R1_007.fastq.gz	expt_22-23_lib2_ref_ACATTGGC_L001_R1_002.fastq.gz	expt_22-23_lib2_ref_ACATTGGC_L001_R1_016.fastq.gz	expt_22-23_lib2_ref_ACATTGGC_L001_R1_013.fastq.gz	expt_22-23_lib2_ref_ACATTGGC_L002_R1_010.fastq.gz	expt_22-23_lib2_ref_ACATTGGC_L002_R1_007.fastq.gz	expt_22-23_lib2_ref_ACATTGGC_L001_R1_009.fastq.gz	expt_22-23_lib2_ref_ACATTGGC_L002_R1_016.fastq.gz	expt_22-23_lib2_ref_ACATTGGC_L002_R1_003.fastq.gz	expt_22-23_lib2_ref_ACATTGGC_L001_R1_015.fastq.gz	expt_22-23_lib2_ref_ACATTGGC_L001_R1_010.fastq.gz	expt_22-23_lib2_ref_ACATTGGC_L001_R1_008.fastq.gz	expt_22-23_lib2_ref_ACATTGGC_L001_R1_001.fastq.gz	expt_22-23_lib2_ref_ACATTGGC_L002_R1_011.fastq.gz	expt_22-23_lib2_ref_ACATTGGC_L001_R1_011.fastq.gz	expt_22-23_lib2_ref_ACATTGGC_L002_R1_013.fastq.gz	expt_22-23_lib2_ref_ACATTGGC_L002_R1_002.fastq.gz	expt_22-23_lib2_ref_ACATTGGC_L002_R1_014.fastq.gz	expt_22-23_lib2_ref_ACATTGGC_L001_R1_005.fastq.gz	expt_22-23_lib2_ref_ACATTGGC_L001_R1_004.fastq.gz	expt_22-23_lib2_ref_ACATTGGC_L002_R1_012.fastq.gz	expt_22-23_lib2_ref_ACATTGGC_L002_R1_005.fastq.gz	expt_22-23_lib2_ref_ACATTGGC_L002_R1_009.fastq.gz	expt_22-23_lib2_ref_ACATTGGC_L002_R1_015.fastq.gz	expt_22-23_lib2_ref_ACATTGGC_L001_R1_012.fastq.gz		
SAMN17606015	lib1_expt_17-2B04-400-escape	SARS-CoV-2 RBD mutational antig Illumina barcode sequencing for expt_17-2B04-400-escape	AMPLICON	SYNTHETIC	PCR	single	ILLUMINA	Illumina HiSeq 2500	PCR of barcodes from RBD variants	fastq	expt_17_lib1_abneg_CGCTGATC_L002_R1_002.fastq.gz	expt_17_lib1_abneg_CGCTGATC_L002_R1_001.fastq.gz	expt_17_lib1_abneg_CGCTGATC_L001_R1_002.fastq.gz	expt_17_lib1_abneg_CGCTGATC_L001_R1_001.fastq.gz																														
SAMN17606015	lib2_expt_17-2B04-400-escape	SARS-CoV-2 RBD mutational antig Illumina barcode sequencing for expt_17-2B04-400-escape	AMPLICON	SYNTHETIC	PCR	single	ILLUMINA	Illumina HiSeq 2500	PCR of barcodes from RBD variants	fastq	expt_17_lib2_abneg_ACAAGCTA_L002_R1_001.fastq.gz	expt_17_lib2_abneg_ACAAGCTA_L001_R1_001.fastq.gz	expt_17_lib2_abneg_ACAAGCTA_L002_R1_002.fastq.gz	expt_17_lib2_abneg_ACAAGCTA_L001_R1_002.fastq.gz																														
SAMN17606015	lib1_expt_6-2C02-400-escape	SARS-CoV-2 RBD mutational antig Illumina barcode sequencing for expt_6-2C02-400-escape	AMPLICON	SYNTHETIC	PCR	single	ILLUMINA	Illumina HiSeq 2500	PCR of barcodes from RBD variants	fastq	expt_6_lib1_abneg_AGTACAAG_L002_R1_001.fastq.gz	expt_6_lib1_abneg_AGTACAAG_L001_R1_001.fastq.gz																																
SAMN17606015	lib2_expt_6-2C02-400-escape	SARS-CoV-2 RBD mutational antig Illumina barcode sequencing for expt_6-2C02-400-escape	AMPLICON	SYNTHETIC	PCR	single	ILLUMINA	Illumina HiSeq 2500	PCR of barcodes from RBD variants	fastq	expt_6_lib2_abneg_AACAACCA_L002_R1_001.fastq.gz	expt_6_lib2_abneg_AACAACCA_L001_R1_001.fastq.gz																																
SAMN17606015	lib1_expt_19-2C03-400-escape	SARS-CoV-2 RBD mutational antig Illumina barcode sequencing for expt_19-2C03-400-escape	AMPLICON	SYNTHETIC	PCR	single	ILLUMINA	Illumina HiSeq 2500	PCR of barcodes from RBD variants	fastq	expt_19_lib1_abneg_AACAACCA_L002_R1_001.fastq.gz	expt_19_lib1_abneg_AACAACCA_L002_R1_002.fastq.gz	expt_19_lib1_abneg_AACAACCA_L001_R1_002.fastq.gz	expt_19_lib1_abneg_AACAACCA_L001_R1_001.fastq.gz																														
SAMN17606015	lib2_expt_19-2C03-400-escape	SARS-CoV-2 RBD mutational antig Illumina barcode sequencing for expt_19-2C03-400-escape	AMPLICON	SYNTHETIC	PCR	single	ILLUMINA	Illumina HiSeq 2500	PCR of barcodes from RBD variants	fastq	expt_19_lib2_abneg_AACCGAGA_L001_R1_001.fastq.gz	expt_19_lib2_abneg_AACCGAGA_L002_R1_002.fastq.gz	expt_19_lib2_abneg_AACCGAGA_L002_R1_001.fastq.gz	expt_19_lib2_abneg_AACCGAGA_L001_R1_002.fastq.gz																														
SAMN17606015	lib1_expt_22-mAb-2E06-400-escape	SARS-CoV-2 RBD mutational antig Illumina barcode sequencing for expt_22-mAb-2E06-400-escape	AMPLICON	SYNTHETIC	PCR	single	ILLUMINA	Illumina HiSeq 2500	PCR of barcodes from RBD variants	fastq	expt_22_lib1_abneg_AACGTGAT_L001_R1_001.fastq.gz	expt_22_lib1_abneg_AACGTGAT_L002_R1_001.fastq.gz																																
SAMN17606015	lib2_expt_22-mAb-2E06-400-escape	SARS-CoV-2 RBD mutational antig Illumina barcode sequencing for expt_22-mAb-2E06-400-escape	AMPLICON	SYNTHETIC	PCR	single	ILLUMINA	Illumina HiSeq 2500	PCR of barcodes from RBD variants	fastq	expt_22_lib2_abneg_AAACATCG_L001_R1_001.fastq.gz	expt_22_lib2_abneg_AAACATCG_L001_R1_002.fastq.gz	expt_22_lib2_abneg_AAACATCG_L002_R1_002.fastq.gz	expt_22_lib2_abneg_AAACATCG_L002_R1_001.fastq.gz																														
